nombre,no_publicaciones,no_seguidores,fecha_ult_pub,tel1,tel2,tel3,bio,link,keyword
fullcaps,"2,212","17,034","Jul 9, 2018",3007164131,,,Somos fabricantes y distribuidores de nuestra marca FULLCAPSbrEnvios a Toda COLOMBIA  VENEZUELAbrVentas al Mayor y Detal brWHATSAPPbr 57 3007164131,www.facebook.com/fullcapscolombia
gorrasblacksoul,160,"1,131","Apr 5, 2018",3008057332,,, Gorras personalizadas br Whatsapp 3008057332 br Envíos a todo el Paísbr Por Mayor y Detalbra class hrefexploretagsgorrasGorrasa a class hrefexploretagsblacksoulBlackSoula a class hrefexploretagsloquehaydentrodetiLoQueHayDentroDeTia,www.facebook.com/Blksoul
andresmarb,292,981,"Jul 14, 2018",,,,La Vida Se Construye Un Paso  A  La Vez,No link
novedadestab,152,158,"Jul 15, 2018",3136306659,3128854679,,Trabajamos comobrTienda Virtual brCualquier información en el whatsaapbr3136306659 o 3128854679 brMuestranos tu diseño y te lo hacemos realidad,No link
mayoristagorras,144,"1,230","Jul 14, 2018",3186155606,,, GORRAS AL POR MAYORbr IMPORTADORES DIRECTOS br12 UNIDADES A 180000br WHATSAPP 3186155606br ENVÍOS A TODO COLOMBIAbr LUNES A SÁBADO 8AM  8PM,api.whatsapp.com/send?phone=573186155606
streetwearmde,926,"2,518","Jul 15, 2018",3104139866,,,Ropa EXCLUSIVA y calzado urbano ORIGINAL a class hrefexploretagsskateshopSkateshopa Envíos a todo el país   Horario L  S 11am a 7pmbrInformes WA  3104139866 ,api.whatsapp.com/send?phone=573104139866
idee_personalizacion,96,416,"Jul 14, 2018",3006101383,,,Personaliza gorras mugs y  con nosotrosbrideepersonalizadosgmailcombr info y pedidos wsp 3006101383,No link
camisetas_egam,498,"1,149","Jul 14, 2018",,,3007716779,Tómate un selfiebrcon una prenda increíblebrAtención 10 am5pm LV brEnvíos nacionalesbrHaz tu pedido por WhatsApp,api.whatsapp.com/send?phone=573007716779
gorrasbarranquilla,"1,246","47,791","Jul 13, 2018",3017541644,3048844,,Gorras personalizadasbrEstampamosy Bordamos tu propio estilobr3017541644 3048844bra class hrefexploretagswelovegorrasbarranquillaWeLoveGorrasBarranquillaa,No link
mishkamd,"3,188","29,647","Jul 14, 2018",3165778983,,,EXCLUSIVIDADESTILOPERSONALIZATE           3165778983 Envios Nacionales desde Medellin  ColombiaTienda virtualFacebook mishka MD personalizada,api.whatsapp.com/send?phone=573165778983
gorrasmedellin,"1,547","9,473","Jul 12, 2018",3194173289,,,Trabajamos como brTienda virtualbrPersonaliza tus gorrasbr y camisetasbrinfo whatsappbr 3194173289bra classnotranslate hrefLinamarcelafzLinamarcelafzabr,smarturl.it/bailamenenavelez
newbox.co,51,66,"Jul 15, 2018",3043931323,,, Una emoción en cada Cajabr Envíos a toda Colombiabr 304 393 1323 ,No link
arabefox,127,187,"Jul 13, 2018",,,,Vendemos todo al mejor Precio Pregunta Responderemos dentro de las 24horas  ENVÍOS NACIONALES  a class hrefexploretagsgorrasgorrasa a class hrefexploretagszapatillaszapatillasa a class hrefexploretagsroparopaa a class hrefexploretagstenistenisa a class hrefexploretagscalicocalicoa a class hrefexploretagsfitfita a class hrefexploretagsgymgyma,No link
andres_rodriguez_1807,175,982,"Jul 11, 2018",3023431557,,,Productos originales de las marcas más reconocidas del mercadobrAtención en Medellín y área metropolitanabrEnvíos nacionales3023431557,api.whatsapp.com/send?phone=573023431557
almacendelasgorras,265,490,"Jul 11, 2018",,,,No biography,www.monotheonlyone.com
publicidaddeixon,49,196,"Jul 11, 2018",3207723375,,,a class hrefexploretagsdiseñograficodigitaldiseñograficodigitala a class hrefexploretagsimpresionimpresiona a class hrefexploretagslitografialitografiaa a class hrefexploretagssouvenirsouvenira Échale un  a las soluciones que tengo para ti Cel 3207723375,www.deixon.com
tenis_tenis_y_mas_tenis,"2,546","2,164","Jul 14, 2018",,,,a class hrefexploretagstenismedellintenismedellina a class hrefexploretagstenismodamedellintenismodamedellina  a class hrefexploretagstenismanizalestenismanizalesa a class hrefexploretagstenispereiratenispereiraa a class hrefexploretagstenisbarranquillatenisbarranquillaa a class hrefexploretagsteniscartagenateniscartagenaa a class hrefexploretagstenisencalitenisencalia a class hrefexploretagstenisbogotatenisbogotaa  a class hrefexploretagsbodytechbelembodytechbelema,No link
linamarcelafz,794,"6,307","Jul 12, 2018",,,,Manager amp Booking brPromoción de Artistas brGira de Mediosbra classnotranslate hreflanenavelezmusiclanenavelezmusica bra classnotranslate hrefangelesdelfutboloficialangelesdelfutboloficialabra classnotranslate hrefgorrasmedellingorrasmedellina,smarturl.it/bailamenenavelez
streetdesignstore,400,"1,024","Jul 6, 2018",3731530222,,,Tienda online de productos personalizadosbrGorrasbrCamisetasbrBusos brMugsbrMucho másbrTienda en Bogotá Cll 64a class hrefexploretags1111a37 Local 315brWHATSAPP 3022287202,www.streetdesignstore.com
gorrasminimalgz,99,"1,061","Jul 9, 2018",,,,G A N G S T Abra class hrefexploretagswestsideWestSideabra class hrefexploretagseastsideEastSideabrTus Gz FavoritosbrReal HipHopbrProducto Colombiano Compra ColombianobrMedellín Colombia,No link
vulcanocap,21,32,"Jul 1, 2018",,,,Página en crecimientobrProductos 100 originalesbrVen y conoce los mejores estilos de gorrasa los mejores preciosbr Pedidos al DirectbrMedellín,No link
pixelados.med,79,98,"Jul 1, 2018",3104504537,,,Tienda Virtual brGorras y accesorios personalizadosbrMedellín brEnvíos a todo el país brpixeladosmedhotmailcombr310 450 4537,No link
estampaarte2018,157,222,"Jul 14, 2018",,,,Estampaarte es un taller de construcción de ideas personalizadas en lo que desees con técnicas de estampación y sublimación Y todo en publicidad,No link
dmartinezaccesorios,319,397,"Jul 15, 2018",,,,CUERO amp COTA DE MALLAbrLEATHER amp CHAINMAILLEbrDiseñadordesignerbrColombiabrMás información en el Direct,No link
ikaikacap,574,"3,262","Jun 27, 2018",3178553923,,,Diseños de lujo brenvios a nivel nacional br3178553923brPara mayor información  presiona aquí para él wpp,api.whatsapp.com/api/send?phone=3178553923&amp;texto=hola+
jesser_426,46,263,"Jul 14, 2018",,,,No biography,No link
monarca_studio,96,236,"Jul 14, 2018",,,,Tatuajes  piercing y parafernalia ventas de insumos de tatuaje agujas máquinas etc,www.facebook.com/Monarca-estudio-tattoo-445271695892760
autostop_mall,112,"1,160","Jul 15, 2018",,,, Centro comercial en Contrucciónbr a class hrefexploretagscarwashCarwashabr a class hrefexploretagsminimarketMinimarketabr a class hrefexploretagsbarbershopBarbershopa br a class hrefexploretagsspadeuñasSpadeuñasa br a class hrefexploretagsautolujosAutolujosabr a class hrefexploretagsasaderoAsaderoa br a class hrefexploretagsjugosJugosa,www.autostopmall.com
jagilatinoamerica,145,"5,586","Jul 14, 2018",,,, Raise your eyes look amazingbrWorldwide ShippingbrCustom your hatbrPlace your order here ,www.jagicaps.com
parxnoic.st,30,151,"Jun 8, 2018",,,,a class hrefexploretagsbordadosBORDADOSa  a class hrefexploretagsestampadosESTAMPADOSabr brLo piensas lo diseñamosbrQué esperas para realizar tu pedidobr brSomos tienda virtualbr brenvíos a toda ,No link
capscolombia,80,"1,305","Jun 14, 2018",,,3216321233,TODO GORRASbr Tienda virtualbr Whatsapp,api.whatsapp.com/api/send?phone=3216321233
cobijas_peluche,201,242,"Jul 10, 2018",3057755327,,,Somos empresa que fabrica cobija en peluche peludas y calienticas brDiferentes tamaños y estilosbrEnvíos a nivel nacionalbrWhatsapp 3057755327,No link
inshopbq,111,"4,540","Jul 15, 2018",3012509301,,,Tienda virtual brBarranquilla brEnvios nacionalesbrinshopbqgmailcombrFacebook In ShopbqbrWhatsapp  3012509301,api.whatsapp.com/send?phone=573012509301
upacacheteoficial,29,295,"May 3, 2018",,,,upaCachete es una exclamación un decir Venezolano que nos identifica Presentamos una marca que nos une en ese sentimiento nacional a class hrefexploretagsupacacheteupacachetea,www.upacachete.com
honey_shop31,132,394,"Jul 14, 2018",3003178256,,,By Catalina brPrendas Femeninas amp MasculinasbrDomicilios en Medellin  Colombia  brWhatsapp  3003178256 brLink directo al WhatsApp br,wa.me/573003178256
sandraospindesayunosadomicilio,"9,077","2,978","Jul 15, 2018",3006113966,3046546427,,Desayunosalmuerzosalgoshappy  bossrecordatoriosfrascos vintage brPersonalizados3006113966  a class hrefexploretagsproductosexclusivossandraospinaproductosexclusivossandraospinaa 3046546427e,www.facebook.com/media/set/?set=oa.1782824181783945&amp;type=3
batstore_comics,637,"4,164","Jul 1, 2018",,,3144468269,Los mejores autoregalos  y detalles del mundo Geek aquí Camisetas mugs cojines retablos y más  a classnotranslate hrefbatstorecomicsbatstorecomicsabrChat de Whatsapp,api.whatsapp.com/send?phone=573144468269
ropacolombia24,82,445,"Jun 5, 2018",3166503888,,,Colombia brContáctanos br3166503888brGorras perzonalizadas a tu gustobrVentas mayor y detalbrEnvios nacionales,No link
doce44,"2,297","17,941","Jul 14, 2018",3013492943,,,Pedidos WhatsApp 3013492943brEnvío a todo ColombiabrEntrega inmediata en Medellín link directo whatsapp,api.whatsapp.com/send?phone=573013492943
metalmulishacolombia,423,"19,798","Jul 14, 2018",3006132577,,,100 ORIGINALES Distribuidor autorizado FMF Inf wapp 3006132577 IMPORTACION 100LEGAL a classnotranslate hrefmetalmulishafmfcometalmulishafmfcoa email metalmulishacolombiagmailcom ,No link
crazy_gorras,69,47,"Jul 15, 2018",,,,No biography,No link
coldeporteszenu,913,"5,241","Jul 13, 2018",,,,UCI CONTINENTAL AMERICA COLDEPORTES  ZENÚ  SELLO ROJO,www.equipocoldeporteszenu.com
gorrasfamilystore,"1,077","1,187","Jul 12, 2018",3013996720,,, P Comercial Los Buenos Negocios Local 126 XMayor y Detal RéplicasAAA  Publicidad WhatsApp 3013996720   5117198   FE que TODO llega ,No link
mi_tienda_de_arte,13,66,"May 15, 2018",,,,No biography,No link
blimacsublimacion,143,"2,292","Jul 15, 2018",,,,El diseño que vos quieras Remeras MusculosasBuzos GorrasTazas y mucho mas br 11 65943356 Wsp br Envíos a todo el país,blimacsublimacion.wixsite.com/misitio
planet.shop.co,540,"1,050","Jul 14, 2018",3016098852,,, WHATSAPP 57 3016098852br BANCOLOMBIA O EFECTY br ENTREGA INMEDIATA br ENVIOS NACIONALES 100  SEGUROSbr LUXURY SHOPPING br MENSAJE DIRECTObr,No link
urbanshopmdn,738,"5,866","Jul 15, 2018",3007441102,,,Tienda Virtual   Tenis  Gorras  Ropa  Delivery   a class hrefexploretagsbmxBMXa   Wht 3007441102 brSíguenos en FB,www.facebook.com/urbanshomed
ventas_shopnv,14,122,"Jun 26, 2018",,,,OFRECEMOSbrCamisetasbrBuzosbrZapatosbrRelojesbr Regalosbr Detalles,No link
gorras_snap,156,"2,964","Apr 26, 2018",3193895594,,,Tienda online a class hrefexploretagscolombiacolombiaabr Recibimos pagos por Efecty y por consignación br  Envíos a todo el país brEscríbenosbrWhatsapp 3193895594,www.facebook.com/gorrasbogota
geraystores,183,261,"Jul 5, 2018",,,3008748347,a class hrefexploretagsperfumeríaPerfumeríaaa class hrefexploretagsaccesoriosAccesoriosaa class hrefexploretagscalzadoCalzadoa a class hrefexploretagsropaRopaaEnvíos  WhatsApp,api.whatsapp.com/send?phone=573008748347
extreme_rotten,118,355,"May 22, 2018",3320310372,,,VENTA MAYOR Y DETALBordados personalizados  y bordados en 3D Bogota  Colombia  3203103726 bra class hrefexploretagsgorrasexclusivasgorrasexclusivasa a class hrefexploretagsgorrasplanasgorrasplanasa,No link
esselshop,615,"1,219","Jul 15, 2018",3495236810,,,tiendas de Moda y tendencias en textil y sneakers búscanos en Málaga brSíguenos enbrfacebookcomesselshop brContacto 0034 952368103,www.esselshop.com
newyorktienda246,123,"1,219","Jul 12, 2018",3166730065,,,Ropa y Accesorios Urbanos Gorras Originales CC Palacio Nacional local 246 2931667 3006527970,No link
almacenel280,818,"7,846","Jul 12, 2018",3016361664,3407724629,,TIENDAS 280brRopa y Accesorios UrbanosbrGorras Originalesbr3016361664 br280 EL 280 2934077br246 NEW YORK 2931667brCC Palacio Nacional,No link
gorras.cali,934,"9,365","Jul 14, 2018",,,3113712595, Ofrecer tendencias actualesbrCuenta aliada a classnotranslate hrefrelojcalirelojcaliabrEntrega a domicilio en la Ciudad de Calibr Envíos a brPedidos al wsp,api.whatsapp.com/send?phone=573113712595
libo_marca,147,"4,526","Jul 13, 2018",,,,Hola Libónautas Nuestra marca está inspirada en la alegría el arte y los colores Tenemos un estilo único que llenará tu vida de color ,No link
mundo_gorrasnapback,20,101,"Mar 28, 2018",3504684954,,, Importadas Entrega inmediata y Domicilios Gratis en Medellin Envíos a todo el País brTambien somos Mayoristas brMás info3504684954,articulo.mercadolibre.com.co/MCO-467314360-gorras-planas-caps-_JM
fullcapscolombia,"1,274","4,486","Jun 9, 2018",3007164131,,,Ventas al Mayor y Detal br 57 300 7164131brTu compra segura por Mercado libre br,goo.gl/gWq9kl
trinity_cartagena,22,128,"Jun 29, 2018",,,, CRISTO MI MARCA brGorras Tshirts y másbrCartagena Colombia,No link
personalizados_sublime,618,760,"Jul 13, 2018",,,3113587528,Sé uno en un millón y personaliza tus regalos y publicidadesenvíos a todo Colombia  Ideas  regalos día del padre chatea con nosotros,api.whatsapp.com/send?phone=573113587528&amp;text=Bienvenid%40+a+sublime
gorrasenmedellin,16,31,"Feb 28, 2018",3002306377,,,Gorras Mitchell amp Ness 100 originales brMedellín Colombia brInformación por DM brWhatsapp 3002306377 ,No link
simile.store,17,91,"Jun 14, 2018",,,,a class hrefexploretagssimilesimilea,www.facebook.com/similestore
castmon_personalizados,628,522,"Jul 15, 2018",3016539818,,,Personalizamos todo Somos mayorista Medellín 3016539818,No link
mbecolon,511,"7,371","Jul 15, 2018",,,,Tú Centro de Soluciones IntegralesbrCompras por Internet brEnvios Nacionales e Internacionales brBordados  EstampadosbrServicio de WESTER UNION brC3,www.bordadospanama.com
sinbolsillos,141,"6,399","Jul 5, 2018",,,,a class hrefexploretagsbolsosBolsosa a class hrefexploretagsgorrasgorrasa a class hrefexploretagscarterascarterasa a class hrefexploretagsmaquillajemaquillajea a class hrefexploretagsaccesoriosaccesoriosa a class hrefexploretagscosmeticoscosmeticosa a class hrefexploretagsbisuteriabisuteriaa a class hrefexploretagsroparopaa a class hrefexploretagsfranelasfranelasabrEnvíos Nacionalesbrlocales T35 y Mn13bra class hrefexploretagsvalenciavalenciaa a class hrefexploretagsnaguanaguanaguanaguaa,No link
urbanstore82,24,390,"Mar 13, 2018",3503391876,,,TIENDA VIRTUAL URBANAbrDOMICILIOS GRATIS EN LA CUIDAD DE MEDELLÍNbrENVIOS A NIVEL NACIONALbr 3503391876bra class hrefexploretagsurbanstore82urbanstore82a,www.facebook.com/urbanstore82
sr_lujo,105,205,"Jun 8, 2018",,,,Estar a la vanguardia de la moda actual con el fin de ofrecer a los clientes moda calidad originalidad y exclusividadbrTIENDA MULTIMARCA,No link
urban_shop1,304,"2,010","Apr 29, 2018",3024628407,,,ENTREGA INMEDIATA brVenta de Camisas personalizadas Pregunta por la tuya Envios Nacionales 3024628407 Pedidos y Cotizaciones,No link
santiago70485,145,169,"Mar 1, 2018",,,,No biography,No link
sublilaser.co,42,117,"Feb 24, 2018",,,,Sublimación a  GRAN FORMATObrVinilo Textil brBordados brEstampados brTodo personalizado  con la mejor atención De todo Bogota,No link
medecaps2018,36,111,"Feb 4, 2018",,,,Encuentra aquí  con la mejor calidad Personalízala a tu gusto Pedidos empresarialesPregunta los precios  por direct     Envíos a ,No link
laiquinia_accesorios,116,"3,570","Apr 22, 2018",3017568293,3014303825,,Tienda OnlinebrPuedes contactarnos en whatsapp 3017568293 y 3014303825 No llamadasbrEnvios a todo el país,www.facebook.com/laiquiniaaccesorios
alexcortstore,58,"22,713","Jun 13, 2018",3138423449,,,Urban StylebrNot For AllbrLa ropa que uso brWa 3138423449brBogotá DC  a class hrefexploretagsgorrasbogotaGorrasbogotaa a class hrefexploretagsjoyasJoyasa  a class hrefexploretagsgafasdealeteogafasdealeteoa a class hrefexploretagsguarachaguarachaa a class hrefexploretagsropabogotáropabogotáa,No link
telmaxdigital,56,200,"Jul 11, 2018",3104288528,,,Centro Comercial Monterrey br  Local 165br celulares tabletas y gran variedad de artículos tecnológicos br3104288528br 4446626,No link
tshopmedellin,470,127,"Jul 14, 2018",3137419952,,,MEDELLÍN COLOMBIA brWhatsApp3137419952brDomicilios en Medellínbr envíos a todo el pais brProductogarantizado br WhatsApp direct  ,api.whatsapp.com/send?phone=573137419952
lipoblue_advance_medellin,635,"190,283","Jul 16, 2018",3126626021,,,recibes el mismo dia en MEDELLIN br LLÁMANOS  O ESCRIBE br     312 662 60 21brclic en este Link para ir directo al whats,api.whatsapp.com/send?phone=573126626021
barbhi.shanti,42,131,"Jul 12, 2018",,,,BARBA LARGAbrTónicos mágicos para el crecimiento y fortalecimiento de la barba cejas y pestañasbr100 productos originales bra class hrefexploretagsbarbalargaBarbalargaa a class hrefexploretagsbarbhishantiBarbhishantia,No link
solucionlegalmed,38,155,"Jul 15, 2018",,,,a class hrefexploretagssolucionlegalmedellinsolucionlegalmedellina a class hrefexploretagsabogadosabogadosa a class hrefexploretagspymespymesa a class hrefexploretagsemprendedoresemprendedoresa a class hrefexploretagsemprendeemprendea,No link
molinanegrete,148,774,"Jul 4, 2018",3113071708,,,Directora Comercial Imovel 7 el mejor Servicio inmobiliario   llamanos  Cel 3113071708 tu presente tu futuro seguros,Angie2233f.sarahah.com
pipejimenezz,366,"1,087","Jul 15, 2018",3137419952,,,PROMOTOR TECHNO  Onbeat  Baren  IMAGINELAND  brInfo amp tickets eventosbrDOMICILIOS EN MEDELLIN  brWhatsApp3137419952brEscríbemeWhatsApp direct,api.whatsapp.com/send?phone=573137419952
stacy.realtor,50,332,"Jul 15, 2018",,,3207311973,Stacy TabordabrMi meta encontrar la casa de tus sueños y darte el mejor acompañamientobra classnotranslate hrefsrinmobiliariosrinmobiliarioabrFamiliabrViajes brWhatsapp,api.whatsapp.com/send?phone=573207311973
djdobleu1,527,"14,122","Jul 12, 2018",,,3102719074,Voice over  CuñasbrVideo  Imagen brMarketing DigitalbrEventos  Sonido  Dj  AnimaciónbrPublicidad en a classnotranslate hrefyosoydemedellinyosoydemedellina a classnotranslate hrefplanetasorprendeplanetasorprendea,Celular-3102719074.co
foto_sin_tesis,15,309,"May 8, 2018",,,,a classnotranslate hrefviveartemedellinoficialviveartemedellinoficiala,No link
lipoblue_advance_medellim,218,"54,978","Jul 15, 2018",3114240020,,,Ultra ZX  Colombia brWhatsApp  311 424 00 20brMEDELLIN,No link
emel_inspirado_para_ti,13,66,"May 7, 2018",,,,Prendas elaboradas por diseñadores inspirada en moda femenina brEnvíos Toda Colombiabra class hrefexploretagsmodamodaa a class hrefexploretagsmoda2018moda2018a a class hrefexploretagsmujermujerabr a class hrefexploretagsemelemela a class hrefexploretagsinspiracióninspiracióna  a class hrefexploretagsmodacolmodacola,goo.gl/FZCYwf
amarila26,82,235,"Jul 11, 2018",,,,Escorpio br261098 brBORRON Y CUENTA NUEVAbrAtletico Nacional brCrossfitter brViajar es una pasión brhttpsyoutubeETXaYw2WFKI ,No link
bali.store1,89,"2,037","May 21, 2018",,,,ACCESSORIES br Envíos nacionales br Domicilios en Medellín br Info por DM ,No link
prendasportgm,279,292,"Apr 1, 2018",3053738343,,,TIENDA VIRTUALbrEncargo Por InternobrEnvios NacionalesbrBELLO COLOMBIAbrWhatsapp 57 305 373 83 43,m.facebook.com/prendasportgm
jaquebouti_quindio,116,90,"Mar 30, 2018",3005720313,,,tenis importadostecnología amp serviciosbr Única boutique VIPQuindiobrEnvíos a todo el PaísWhatsapp3005720313,No link
alfatech_tienda,43,699,"Jul 14, 2018",3005096156,,,Whatsapp 3005096156 Los mejores productos a los mejores precios los encuentras solo acá  en ALFATECHTIENDA bra classnotranslate hrefDanielzsgDanielzsga,No link
growsocial01,5,806,"Apr 2, 2018",,,,a class hrefexploretagsferramentaFerramentaa bra class hrefexploretagsinstagramInstagramabra class hrefexploretagssdvsdva,growsoci.al/br/ref_129627
medellinlocker,397,"10,772","Jul 11, 2018",3105355141,,,Las mejores marcas por pedido 100 ORIGINAL brLos mejores precios del mercadobrWhatsapp 3105355141 brEnvíos a nivel nacional ,No link
avilaimportacion,250,539,"Mar 8, 2018",3219463611,,336412318,Venta de mercancía importada al por mayor y detal brWhatsApp 3219463611,www.facebook.com/groups/272974336412318/?fref=ts
arborea.tiendaa,26,224,"May 13, 2018",3113942793,,,Bello Antioquia Colbr Calidad garantizada br Envíos nacionalesbr Productos importadosbrContáctanos  3113942793,www.facebook.com/arboreatiendav
viverolluviaverde,615,"2,409","Jul 13, 2018",3015699164,,,Suculentas  Recordatorios Flores bra class hrefexploretagsviverolluviaverdeviverolluviaverdea Las plantas Más Hermosasbr Cotiza tus Arreglos 3015699164 br Domicilios Medellín  Envios,No link
quindiano7,629,243,"Jun 14, 2018",,,,Ser Feliz es Nuestra Decisión,No link
frasesentrecopas,6,209,"Jan 15, 2018",3157919368,,, br   Copas menstruales colombia br               Envío GRATIS br      Pídela aquí  3157919368br,No link
colombiamotos,"2,670","101,524","Jul 15, 2018",,,,Motos  de Colombia  y el Mundo  brVende Tu Moto en  a classnotranslate hrefvendetumotocovendetumotocoabr  Suscríbete a nuestro Canal de YouTube,www.youtube.com/channel/UCRNhLEQQA-6UhHiL1Im7Sxw
kleyvision,"3,050","6,816","Apr 3, 2018",3113274462,,,Medellín ColombiabrWpp 311 327 4462 brEnvíos y domicilios brCompra segurabrMás información comunicate al WhatsappbrFotos propias reales,No link
jutsmakeup,445,839,"Feb 7, 2018",,,,Makeup al gran mayor los Precios mas bajos brOfertas para San ValentinbrAprovecha minimo 15 piezasbrEnvios en Colombia,No link
seventeenshop07,212,"4,816","Jul 14, 2018",3006810103,,,Exclusiva venta de ropa para hombre y dama Estamos ubicados en MedellínbrEnvíos y despachos a todo el paísbrWhatsApp 3006810103br,No link
hipocampostore,32,442,"Jun 18, 2018",,,,Viste tu estilobra class hrefexploretagstiendaTiendaa virtual  bra class hrefexploretagsventasVentasa al directo bra class hrefexploretagsenvíosEnvíosa gratis a todo el país bra class hrefexploretagscúcutaCúcutaa NSD brPorque vestir tambien es un art,No link
andresbrokerimovel7,545,"1,712","Jun 22, 2018",,,,Soy Broker Inmobiliario de a classnotranslate hrefimovel7imovel7a brTe asesoro para a class hrefexploretagscomprarcomprara a class hrefexploretagsvendervendera a class hrefexploretagsarrendararrendara tu a class hrefexploretagsinmuebleinmueblea brContáctame ,gmail.com
andrescogollo_imovel7,524,"9,944","May 1, 2018",3022883397,,,BROKER INMOBILIARIO INMOVEL7brCENTRO DE NEGOCIOS INMOBILIARIOS brMONTERIA  CORDOBAbrWap 3022883397,No link
gtoledobienraiz,434,709,"May 11, 2018",3203768552,,,El Rosal Bienes Raíces Maracaibo Venezuela y El Poblado Pereira Risaralda Colombia brCelular 573203768552brgrtoledogmailcom,No link
jj0clock_,89,255,"Dec 21, 2017",3105978808,3023460989,,Venta De Relojería Al Por Mayor Al Detal Tennis Domicilio Venta De Licor 31059788083023460989,No link
anclatienda_,217,240,"Dec 18, 2017",3023402148,,,Tienda virtual de tennis ropa y accesoriosbrDomicilios en Medellín y envíos nacionalesbr 3023402148 NO LLAMADASbrEnvíos seguros,No link
vbalmacen,133,"16,037","May 23, 2018",3208077547,,,ROPA brinfo 3208077547brentregas ,No link
szrivas,43,324,"May 6, 2018",,,,Amando el a class hrefexploretagsmaquillajeartísticomaquillajeartísticoa brAmor inmenso por   a class hrefexploretagsplantasPlantasa y Animales brApasionada por el  a class hrefexploretagstejidotejidoa,No link
regalospomarrosa,26,24,"Oct 24, 2017",3116365147,,,Regalos detalles accesorios y cositas para todos los gustosbrEnvios nacionales br311 636 5147bra classnotranslate hrefregalospomarrosaregalospomarrosaa,No link
mpscrocs,48,179,"Mar 2, 2018",3163492467,,,Encuentra tus crocs a los mejores precios brInfo 316 349 2467,No link
saahstoree,421,858,"Jun 29, 2018",3013752710,,,WhatsApp 57 3013752710,No link
theblack155,319,166,"Mar 5, 2018",,,,24brV EN E Z O L A N ObrBlackandwhitebrLifestylebrBlogger,No link
masterpieces_hq,49,456,"Jun 1, 2018",3104500705,,,Relojería AAA   info 57 3104500705,No link
personalizado_jacs,126,433,"Jun 13, 2018",3125535474,,,brPreparador fisico brEntrenador deportivo brFacebooka classnotranslate hrefpersonalizadojacspersonalizadojacsabr Whatsapp3125535474br Toda  Colombia,No link
elcositero.com_medellin,287,"1,217","Oct 6, 2017",3128694965,,,Tienda Virtual Medellín brWhatsaap 3128694965 brDomicilios  y envíos a todo el país brCompras  seguras,No link
sm.a21,8,117,"Jun 20, 2017",,,,Medellín,No link
bassetbelleza,26,213,"Jun 24, 2017",3662577573,,,Bienvenidos brTienda de Belleza                             br     Sigueme brContactó 3662577           WhatsApp 57  3002736662,No link
santacanela_,35,62,"May 1, 2017",,,,Venta de ropa americana y europeabrEnvíos Nacionales brInformación al inbox Estamos trabajando para ustedes,No link
mako_chocolate,14,117,"Apr 27, 2017",3235798979,3044858698,,Llegan los mejores chocolates a tu U WhatsApp 3235798979 3044858698,No link
athecki1223,10,47,"Mar 9, 2017",3178949836,,,Venta de accesorios Mall Alpes Plaza  Medellín Whatsapp 3178949836,No link
medellin_ventas_clothingstyle,308,768,"Jul 5, 2018",3015752132,3003815569,,En ClothingS Jeans Queremos  brindarte siempre lo mejor exclusividad y buen gusto al vestir brComunícate con  nosotros  3015752132 amp 3003815569,No link
vendodeuna,248,148,"Apr 11, 2018",,,,Venta online de múltiples artículos Tenis al por mayor y al detal importados y nacionales Al mejor precio Compra segura    inbox,No link
joyeriaplatahr,113,"2,964","Apr 22, 2018",,,,Innovación en Joyería PersonalizadabrPlata 925 Tungsteno Acero Enchape Oro 18KbrEnvío a cualquier parte del mundobrPago en efectivo giro PayPal,No link
inspirato_oficial,383,"4,769","May 31, 2018",3127992561,,, LOUNGEWEAR  SLEEPWEAR br 57 312 799 2561  57 322 568 9350  br Marca Colombianabr Más que pijamas Somos TELAS que ENAMORAN,No link
sabanitas_,5,16,"Oct 14, 2016",3212173581,,3112184079,Hermosos Juegos de Sabanas para los Chiquitiness  INFO WHATSAPP 3212173581,www.facebook.com/Sabanitas-y-Algo-m%C3%A1s-1218407934896059
baulblue,10,218,"Jan 29, 2018",,,,Bienvenidos Tienda virtual estamos en medellin hacemos domicilios  y  envíos a todo Colombia  pago contra entrega,No link
sweet.fantacy_,5,2,"Sep 5, 2016",,,,No biography,No link
ositosropayjugueteria,168,65,"Sep 25, 2016",3207573704,,,Venta de ropa y juguetería americana para bebes brMedellin  Antioquia brHacemos envíos nacionales y manejamos PLAN SEPARE brWhatsapp 3207573704,No link
fast.salecolombia,344,356,"Jul 4, 2018",,,,Ventas de toda clase de calzado deportivo Envíos a todo el país y pagos contraentrega en Bogotá y Ecuador NIKE brADIDASbrREEBOKbrCONVERSE y más,m.facebook.com/fast.sale123/?ref=bookmarks
ventascolombia_1564,4,56,"Jul 30, 2016",3046730147,,,brVENTAS COLOMBIAbrENVÍOS A TODO EL PAÍSbrESTAMOS UBICADOS EN MEDELLÍNbrBUENO BONITO Y BARATObrWp 57 3046730147,No link
sajama_shop,269,440,"Jul 5, 2018",3104299288,,,Tienda virtual de Medellín ColombiabrEntrega a domicilio en MedellinbrEnvíos a todo el paísbrContacto 3104299288,No link
narzeus,"1,918","42,552","Jul 15, 2018",,,,1GODKnightTemplarbrEntrepreneurBusinessDevelopmentbrLtArmy EngineerMBAbrDirectorOlympiaSouthAmerica a classnotranslate hrefmrolympiasamrolympiasaabrSecretaryGeneral a classnotranslate hrefacffitcolombiaacffitcolombiaa,www.mrolympiasa.com
leimport,230,"2,375","Jun 12, 2018",,,3104928217,Ropa Accesorios Relojeria br Originales y Exclusivos brIMPORTADORES DIRECTOS brLINK DIRECTO WHATSAPP  ,api.whatsapp.com/send?phone=573104928217
lanuit_store,117,"1,514","Dec 1, 2016",3177181289,3014351482,,Contactobr3177181289br     3014351482brDOMICILIOS EN MEDELLÍN brPAGO CONTRAENTREGA br ventasmys1outlookcombr Envios en Colombia,No link
beautycupping_,"1,021","15,176","Jul 9, 2018",,,,Me encanta cuidar mi piel quiero compartirlo contigo al igual que todo lo que me parezca bueno bonito y baratobr Disfrútalo ,No link
nbashopcolombia,411,841,"May 18, 2018",3113369846,,,Pantalonetas y Camisillas de la Nba  brTambién Nfl  Mlb brMedellin  AntioquiabrWhatsapp 3113369846brEnvíos a Todo el paísbr,www.facebook.com/nbashopcolombia
todochatarra,7,47,"Oct 18, 2015",3127472310,,,Entra p que negociemos  compramos y vendemos motoreschatarra aluminio cobreentre otrosbr whatsapp 3127472310,No link
eureka_ventas,642,796,"Dec 7, 2017",3014780978,,,Whatsapp 301 478 09 78 ,No link
maximiniimport,5,3,"Aug 30, 2015",,,,No biography,www.facebook.com/pages/Maxi-Mini-Import-C-A/455865021240725
ofmconde,445,"1,285","Jul 10, 2018",,,,Colombiano de cuna y moralmente Mexicano  Social Marketing con la a class hrefexploretags11a AMWAY  Líder y Fundador de a classnotranslate hrefgeneracionextremegeneracionextremea  Contacto 529611263816,www.facebook.com/OFMCONDE
conjuntos_medellin,3,145,"Jul 31, 2015",3146658387,,,Conjuntos Busos Y Sudaderas De Todas Las Marcas  brServicio Domiciliario En Medellin brWhatsapp  3146658387,m.facebook.com/phoneacquire/?source=m_mobile_mirror_interstitial&amp;refsrc=https%3A%2F%2Fm.facebook.com%2Fhome.php&amp;refid=8
health_medellin,28,177,"Apr 23, 2015",3128571129,,,Productos para tu salud belleza y bienestar 100 garantizados Envíos completamente gratis a todo el país Informes 3128571129,No link
saenz_importaciones,3,13,"Nov 2, 2014",3104326216,3148682029,,Medellin ropabrWpp 3104326216 o 3148682029,No link
710col,16,57,"Dec 7, 2014",,,,Shatter Rosin Wax 710 CO,No link
nightynight_co,440,"2,547","Jul 13, 2018",3458300554,,,Tienda Funko ColombiabrRopa geekbrWhatsapp 57 16853458  3005543250  3002668545 brEnvíos a toda Colombia a class hrefexploretagsadoptaunfunkoAdoptaUnFunkoabrCompra wwwnightynightco,nightynight.co
facetic.777,"1,113","4,329","Jul 11, 2018",3103864201,,,C O N T A C T O   310 386 4201bra class hrefexploretagsdjDJa a class hrefexploretagsproductorproductora a class hrefexploretagstechnoTECHNOa ya class hrefexploretagstechouseTECHOUSEa a class hrefexploretagsmedellinmedellinaa class hrefexploretagscolombiacolombiaabrhttpstwittercomEsplonchisbrhttpssoundcloudcomesplonchis,www.beatport.com/track/hypebeast-original-mix/10492735
pitbullrionegro,5,25,"Jul 20, 2014",,,,No biography,No link
medellinvictoriasecret,10,54,"Jun 12, 2013",,,,No biography,No link
maykajoyeria,117,"6,224","Jul 15, 2018",3117963173,,,Joyas y Accesorios en Oro18K GARANTIZADObrVentas al por mayor y al detalbrMedellín brInfo 311 796 3173brEnlace directo a WhatsApp,api.whatsapp.com/send?phone=573117963173
exotic.accesorios18,357,"14,125","Jun 27, 2018",,,3192366516,JOYERÍA EN ORO LAMINADO 18KbrDISTRIBUIDORES DIRECTOSbrPAGOS CONTRAENTREGAbrCOTIZA CON NOSOTROS,api.whatsapp.com/send?phone=573192366516
goldenempirecolombia,189,"22,597","Jul 14, 2018",3015372017,,,Oro laminado 18kbrGarantízado brPAGOS CONTRAENTREGA EN MEDELLINbrENVÍOS PREVIO PAGO A TODO EL PAIS brWhatsapp 3015372017bra classnotranslate hrefgoldenempiremedellingoldenempiremedellina,api.whatsapp.com/send?phone=573015372017
gold.nice.store,137,"2,789","Jul 13, 2018",3127234515,,3235018848,Exclusividad en productos de oro laminado 18K brJoyas en Oro macizo 18k 100 garantizado brEnvios a todo el paisbrWpp 3127234515,api.whatsapp.com/send?phone=573235018848
golden_empiremedellin,299,"10,360","Jul 14, 2018",3015372017,,,Oro 18k Laminado brGarantizado brExcelente calidad br3015372017 whatsappbra classnotranslate hrefgoldenempirecolombiagoldenempirecolombiaa,api.whatsapp.com/send?phone=573015372017
kilatina.joyeria,153,"2,816","Jul 12, 2018",3207241586,,,UN LUJO A TU MEDIDAbrSomos mayoristasbrJoyería en oro laminado 18KbrGarantía brDomicilios MedellínbrInfo y pedidos 3207241586brLink ,api.whatsapp.com/send?phone=573207241586
oroant_bogota,"1,096","5,418","Jul 15, 2018",3116485383,,,Venta de a class hrefexploretagsoroOroa a class hrefexploretagslaminadolaminadoa 18kts brOro 18ktsbrInfo 3116485383brPaga en casa  brEnvios a toda Colombia,No link
gomo_gold,114,"1,013","Jul 14, 2018",3172305855,,,Diseño y asesoría joyas 18k italiano brEnvíos a todo el país brWHATSAPP 3172305855brBucaramangaSantanderbrVentas únicamente ONLINE ,api.whatsapp.com/send?phone=573172305855
oro_antioquia,201,312,"Jul 15, 2018",,,,No biography,No link
accesorios.medellin2,"2,649","6,075","Jun 27, 2018",3116485383,,,TIENDA VIRTUAL brVENTAL AL POR MAYOR Y AL DETAL brJoyas en Oro  a classnotranslate hrefOro18kmedellinOro18kmedellinabr Envíos a todo el país br Whatsapp  3116485383,api.whatsapp.com/send?phone=573116485383
herrera_sport_06,142,231,"Jun 30, 2018",3172529774,,,TIENDA VIRTUAL br IMPORTADOS brENVIOS GRATIS  A TODO EL PAIS brWassa3172529774,No link
18k_joyeria_,522,991,"Jun 22, 2018",3014366875,,,CC Mayorca local 3014brTeléfono 3668754brWhatsapp 3016458784brReparación de relojes y joyasbrCambio de bateríabrPersonalizamos tus argollas,www.18kjoyeria.co
bgorolaminado,84,224,"Jul 9, 2018",3181316715,,, Distribuidor AutorizadobrVenta de Joyas 3 capas de oro 18kbrGarantía 1 añobrCali Medellín y BugabrWsp 3167158409  3167158409  3155574657,No link
royal_impressamed,"2,525","3,562","Jul 15, 2018",,,3116485383,Tienda Virtual MedellinColombiabrRopa Gafas Lociones para hombre y mujer brVentas al por mayor y al detalbrEnvios a toda ColombiabrWhatsapp ,api.whatsapp.com/send?phone=573116485383
medellinfemenino,193,586,"May 27, 2018",,,,a class hrefexploretagsmedellinmedellinabrEsta cuenta es para tibrPublicidad gratuitabrTodo lo que nos encanta lo vas a encontrar aquíbrTiendasbrTipsbrLo mejor de medellin,No link
orotrebol,118,602,"Jul 10, 2018",3114355428,3006494883,,producto certificado garantia y serviciobr3114355428  3006494883br900am  600pm PVbrJOYAS UNICAS COMO TÚ a classnotranslate hreforotrebolorotrebola,No link
goldlevel_,39,782,"Jul 11, 2018",3218503454,3137947004,, ORO LAMINADO 18K br Distribuidores directosbr Pagos contra entrega en Medellínbr Envíos a todo el paísbr 57 3218503454  3137947004,api.whatsapp.com/send?phone=573218503454&amp;text=orolaminadogoldlevel
americans_accesorios,73,409,"Jul 14, 2018",3013399864,,, MANILLAS LAMINADO DE 18KbrACERO Y PIEDRERIA br CALIDAD AL MEJOR PRECIO brENTREGAS EN ESTACIONES DEL METRO br3013399864 br ENVIOS A TODO EL,No link
lipoblue_medellin._,"1,850","84,170","Jul 15, 2018",3113257070,,,envios todo el pais brWpp 311 325 70 70brAtención inmediata ,api.whatsapp.com/send?phone=573113257070
anduljoyeria,85,106,"Jun 19, 2018",3194029828,,,Distriubidor mayoristabrPRECIOS COMODOSbrORO 18K OROLAMINADO 18KbrEnvios a todo el pais brCONTRAENTREGA MEDELLINBOGOTAbrWsp 3194029828 a class hrefexploretagsanduljoyerianduljoyeria,No link
oronewyork_col,76,296,"Jun 23, 2018",3016721976,,,ONLINE SHOP  TIENDA VIRTUAL  Imported accessories for ladiesand gentlemen Wp 573016721976 Envíos a todo el pais ,No link
pesosporbolivares_col,185,"6,401","Jul 13, 2018",3153114044,3164046074,,Somos tu mejor opción para enviar dinero a Venezuela Confianza ética y responsabilidad br  573153114044 WhatsApp573164046074bra class hrefexploretagspesosporbolivarespesosporbolivaresa,No link
gotasresolution_col,177,"1,712","May 23, 2018",3116485383,,,Las mejores gotas quemadoras de grasabrEnvios a toda ColombiabrInfo 3116485383brBajar de peso es facil con RESOLUTION,No link
mentes_multimillonarias,428,"2,034","Jul 11, 2018",,,,Inspiracion brEmprendimientobrMotivacion brMANTENTE ENFOCADO,No link
oro18laminado,50,277,"Feb 11, 2018",,,,JOYA EN ORO LAMINADO 18k GARANTIZADObrbrTE DAMOS UN AÑO DE GARANTÍA ,No link
oro_medellin,210,378,"Jun 6, 2017",3013648027,,,Venta de oro de 18k br100 oro garantía de por vida brManejamos los mejores precios brWhatsapp 57 301 364 80 27brSomos fabricantes,No link
hugo_castro123,177,199,"May 18, 2018",,,, siempre fuerte ,www.instagram.com/blessing_medellin
enjoy_accesorios,118,267,"Jul 13, 2018",3005444407,,,Envíos a todo el país brSomos fabricantes brInfo por WhatsApp 3005444407 brB I E N V E N I D O SbrMedellinColombia,api.whatsapp.com/send?phone=573005444407
goldconceptmed,7,17,"Jun 27, 2015",3148934772,,,Baños de orobrCONTACT 3148934772brAleaciones de 10K 14K 18K 24KbrMedellin  Colombia,No link
stenthorcol,56,443,"Jul 13, 2018",,,,Distribuidor unico y exclusivo para Colombia de relojes    Hublot TagHeuer Zenith Bomberg Gucci  Unico Servicio tecnico especializado SIGUENOS,stenthor.co
atalanta_store,"5,452","5,259","Jul 15, 2018",,,,Más de 7 años de experiencia brVenta de Relojes Originales bra class hrefexploretagsfossilFossila a class hrefexploretagsdieselDiesela a class hrefexploretagstissotTissota a class hrefexploretagsmovadoMovadoa a class hrefexploretagscertinaCertinaa a class hrefexploretagsmichaelkorsMichaelkorsa a class hrefexploretagsmulcoMulcoa a class hrefexploretagstagheuerTAGHeuera a class hrefexploretagsmidoMidoa a class hrefexploretagsgucciGuccia y Más,www.atalantastore.co
selvagem.co,398,"1,227","Jul 14, 2018",,,3017830739,Sueño de dos emprendedores ofreciendo relojes de todos los gustos precios respaldo y calidadbra class hrefexploretagsrelojesrelojesa a class hrefexploretagsrelojesmedellinrelojesmedellina,api.whatsapp.com/send?phone=573017830739
store.pipe,60,142,"Jul 15, 2018",3162895974,,, Whatsapp 57 316 289 5974br Colombia  Envíos internacionales br Contraentrega en Medellín br Fotos reales br Chat click,api.whatsapp.com/send?phone=3162895974
relojesylujosco,9,109,"Jul 14, 2018",3137498815,,, RELOJERIA ORIGINALbr ENVIOS A TODO EL PAISbr INF 3137498815 O DIRECTbrMEDELLINbr IMPORTADORES DIRECTOSbr VENTAS AL PORMAYOR Y AL DETAL,No link
joyeriainteronline,249,"61,935","Jul 14, 2018",3504689283,,, Producto certificado garantía y serviciobr Atención personalizadabr 11 am a 8 pm LDbrHaz clic para chat por Whatsapp 57 3504689283 br,goo.gl/xQnGJ2
joyeriainter,"1,713","7,476","Jul 15, 2018",3117191412,,,La Pura expresión de amor y lujo brMomentos de Amor 3117191412 brFB JoyeriainterbrCatálogo a classnotranslate hrefjoyeriainteronlinejoyeriainteronlineabra class hrefexploretagslesentierLeSentiera a classnotranslate hrefnewchatel01newchatel01a,www.joyeriaintercontinental.com
newchatel01,"1,086","1,635","Jul 14, 2018",3104514722,3211060431,,Te acompañamos en tus viajes y aventuras Victorinox ColombiabrCelWhatsapp  3104514722 brTel 43211060 Opc4 CC Oviedo L3126,www.joyeriaintercontinental.com
relojesvyper,165,"14,014","Jul 15, 2018",,,3142268898, La vida es demasiado corta para no tener buen estilo  Compra 100 Segura   Envíos en Colombia   Distribuye nuestra marca   Whatsapp  ,api.whatsapp.com/send?phone=573142268898
bombergcolombia,"1,466","13,793","Jul 14, 2018",,,,Bomberg Colombia Información sobre precios y puntos de venta en infostenthorcombrAvenida Calle 82  12  18 Oficina 603 Edificio Torre Andina,www.bomberg.ch
wandajoyeria,198,881,"Jul 15, 2018",,,,Relojes 100 exclusivos y originales br Pedidos a Nivel Nacional br Bogota  COLOMBIA brCalidad y Garantía brMarcas originales De Calidad,No link
cronomarket,"1,878","17,683","Jul 14, 2018",3124827462,,, Despachamos a toda   br Recibimos todas las  br Wtp 57 312 482 74 62brToca acá para Whatsapp directoa class hrefexploretagscronomarketcronomarketa,api.whatsapp.com/send?phone=573124827462&amp;text=C
japoncentrocomercial,104,"9,099","Jul 13, 2018",,,,Centro comercial ubicado en sector el HuecobrEncuentra los mejor productos del comercio en nuestros almacenesbrCalle 48 Pichincha  5339,www.ccjapon.com.co
technosportcolombia,617,"1,667","Jul 13, 2018",3124827462,,, Los mejores relojes para ti br Despachamos a todo Colombia  WhatsApp 57 312 482 74 62 a class hrefexploretagscronomarketcronomarketa a class hrefexploretagstechnosportwatchestechnosportwatchesa,www.facebook.com/technosportcolombia
elencantocv,88,233,"Jul 15, 2018",3007645676,,,Tienda virtual MedellínbrDomicilio MedellínbrEnvíos nacionales brAccesorios mujeres y hombresbrRelojes original y replicasbrBolsosbr3007645676,No link
relojesjc,22,"7,319","Jul 15, 2018",,,3142268898,  Relojes de Excelente Calidad  Envíos en todo el País  ventas  mayor y detal     Información Whatsapp Clic Aquí ,api.whatsapp.com/send?phone=573142268898
wandstores,455,"1,900","Jul 15, 2018",3212014831,,,100 Compra SeguraEnvíos gratis en Bogotá y envíos a todo el país  WhatsApp 57 3212014831 a classnotranslate hrefwandstoreswandstoresa a class hrefexploretagswandstoreswandstoresa,www.facebook.com/wandstores
strigostore,38,"16,048","Jul 12, 2018",,,,Lanbspmejor selección de accesorios temáticos a precios inmejorables a class hrefexploretagsunacolecciónparacadapasiónUnacolecciónparacadapasiónabrEnvíos GRATIS a LatinoaméricabrEntregas de 2 a 6 semanas,www.strigostore.com
relojeria.medellin,55,553,"Jul 11, 2018",3138382222,,,Relojería de excelente calidadbrEnvíos gratisbrContraentrega en la ciudad de MedellínbrPagos con tarjeta créditodebito brWhatsApp 3138382222,wa.me/573138382222
elpaisdelreloj18,145,"2,927","Jul 11, 2018",3167527255,,, Encuentra grandes marcas de relojeria  brPregunta por precios al detal y por mayor br Envíos a todo el país  316 7527255 ,No link
lelekos_store,14,592,"Jul 14, 2018",3012039189,,,aquí podrás encontrar tus mejores accesorios  contáctanos 3012039189  ventas por mayor y detal,No link
baby_shoping_k.a.g.y,83,83,"Jul 13, 2018",,,,a class hrefexploretagsbabyshopingbabyshopinga,babbyshoping.blogspot.com
alexanderjimenez3333,17,77,"Jul 9, 2018",,,,No biography,No link
magnum_gw,334,747,"Jul 9, 2018",,,3163879800,RELOJES ORIGINALESbrCompra  segura  entrega inmediatabr Envíos GRATISbr Bogotá Colombiabr CONTACTANOS DALE CLIC AL LINK,api.whatsapp.com/send?phone=573163879800
jmtechnology144,14,222,"Jul 9, 2018",3217664091,,,Todo en TecnologiabrRelojeria AAAbrVentas al por mayor y detal brMedellin  Colombiabr3217664091brCC Japon local 128 ,No link
mercashop12,110,214,"Jul 12, 2018",3015907461,,,TIENDA VIRTUAL   WHATSAPP 3015907461   VENTAS X MAYOR Y DETAL Vendo cuentas  DOMICILIOS EN MEDELLÍN  ENVIOS A NIVEL NACIONAL ,No link
vdrmagazine,17,193,"Jul 10, 2018",,,,a class hrefexploretagsrelojesrelojesa a class hrefexploretagsgafasgafasa        a class hrefexploretagswhatcheswhatchesa a class hrefexploretagssunglassessunglassesa                                                         DISCOUNT CODE 10   vdrdiscount,www.vdrmagazine.com
casiolandiamedellin,245,607,"Jul 14, 2018",,,,Hace 25 años nació la tienda Casiolandia en Medellín  para ofrecer más que productos un estilo de vida brCentro Comercial El Hueco a class hrefexploretags11a  115br2317399,No link
relojesvyper_cali,111,"13,710","Jul 15, 2018",,,3142268898, La vida es demasiado corta para no tener buen estilo  Compra 100 Segura   Envíos en Colombia   Distribuye nuestra marca   Whatsapp  ,api.whatsapp.com/send?phone=573142268898
relojesvyper_medellin,103,"9,708","Jul 15, 2018",,,3142268898, La vida es demasiado corta para no tener buen estilo  Compra 100 Segura   Envíos en Colombia   Distribuye nuestra marca   Whatsapp  ,api.whatsapp.com/send?phone=573142268898
relojmania24,4,46,"Jul 9, 2018",,,,Todo sobre a class hrefexploretagsrelojesrelojesa y a class hrefexploretagssmartwatchessmartwatchesa en español brApp ya disponible en Google Play,play.google.com/store/apps/details?id=com.luxury.nivorboq_pjzbjddw&amp;hl=es-419
yahwehshop,257,"2,095","Jul 15, 2018",3134218202,,,Tienda OnlinebrTienda oficial de Bobobird en  brEnvíos a todo el paísbr3134218202brSíguenos en Fba class hrefexploretagsbobobirdbobobirda a class hrefexploretagsbobobirdwatchesbobobirdwatchesa a class hrefexploretagsrelojesrelojesa,www.facebook.com/yahwehshop
mabellobaq,418,"4,496","Jul 11, 2018",3304203583,,3042035831,TIENDA VIRTUALbrSetsx3 y dúo de bolsos accesorios y más brEnvios NacionalesbrCuenta aliada a classnotranslate hrefmabellorelojesmabellorelojesabrInfo3042035831,api.whatsapp.com/api/send?phone=573042035831
lchoicestore,26,100,"Jul 7, 2018",,,,No biography,No link
relojesdy10,121,81,"Jul 14, 2018",,,,Tienda virtual de relojespara todos los gustos ENVÍOS NACIONALESbrMedellinColombia,No link
vargo.medellin,172,"3,911","Jul 14, 2018",3148832803,3192346293,,TIENDA VIRTUALbrEnvíos a todo el paísbrVentas al por mayor y al detalbrMedellin ColombiabrWhatsApp 31488328033192346293brbrEscríbenosbr,api.whatsapp.com/send?phone=573148832803
pulsovisiongafasyrelojes,234,132,"Jun 26, 2018",3044652831,,,Relojes y Gafas   WhatsApp 304 4652831   Servicio a domicilio en Medellin  Enviós Nacionales  Medellin Colombia,No link
relojesrmstore,176,"1,550","Jul 15, 2018",3208578473,,,WhatsApp  3208578473 br Bucaramanga Colombia brEnvíos a class hrefexploretagsgratisgratisa a todo el país brLos mejores relojes del paísbra class hrefexploretagsrmstoreRMStoreabrPara compra,api.whatsapp.com/api/send?phone=573208578473
tienda.cachipun,131,"1,588","Jul 12, 2018",3017816529,,,Buscas regalos diferentes y que sorprendan En nuestra tienda siempre encontrarás algo diferente para personas únicasbrWhatsApp 3017816529,api.whatsapp.com/send?phone=573017816529
original_storr,79,81,"Jun 19, 2018",3216433193,,,Venta de calzado y accesoriosbrProductos originales 100 brEnvíos a nivel nacional brmétodos de pago contra entrega brwhatsapp  3216433193 ,No link
zzeta_store,33,157,"Jul 13, 2018",,,,Vendemos por encargue te hacemos el pedido del producto la entrega se realiza entre 2035 díasbra class hrefexploretagsstorestoreabra class hrefexploretagsparanáParanáa a class hrefexploretagsentreriosentreriosa bra class hrefexploretagsrelojesrelojesa a class hrefexploretagsroparopaa a class hrefexploretagsunisexunisexa,No link
magnashop1,"1,198","1,258","Jul 10, 2018",,,3103933606,Tienda Virtual  brMedellíncopacabanabrRelojesnbspCalidad AAAAAOriginalbrPrograma tu pedidobrEnvíos a toda la ciudad brInfo ,api.whatsapp.com/send?phone=573103933606
xtarca,98,471,"Jul 15, 2018",,,,Somos una empresa dedicada a la comercializacion de a class hrefexploretagsrelojesrelojesa media y alta gamabr100 Originales Completamente NuevosbrVisitanos wwwxtarcacalicom,www.xtarcacali.com
lhg.19,14,258,"Jul 9, 2018",,,,No biography,No link
uomoluxuryshop,39,332,"Jun 16, 2018",3185176494,,,PRODUCTOS  ORIGINALESbra classnotranslate hrefdanielmperezdanielmpereza br 57 3185176494br Importadores DirectosbrEnvíos gratis brRECIBIMOS TARJETAS br Solo WhatsAppbrMD ,bit.ly/Nodudesencontactarme
ax_shoppers,89,131,"Jun 28, 2018",,,,No biography,No link
cronosol,206,559,"Jun 30, 2018",3044761439,,,Estamos ubicados en el CC El Hueco a class hrefexploretags11a loc 188 MEDELLIN COLOMBIAbrVentas al por mayor y al detal brWhatsApp    3044761439brTel                  5138546,No link
kindness.moda1,88,"1,466","Jun 27, 2018",3105245979,,,brTienda Online con productos  garantizados Entrega inmediata Envíos a Nivel Nacional WhatsApp Directo 57 310 524 5979,No link
kindness.moda,115,"1,994","Jun 26, 2018",3135141401,,,brTienda Online con productos  garantizados Entrega inmediata Envíos a Nivel Nacional WhatsApp Directo 57 313 514 14 01,No link
elcarritostore,696,"1,083","Jul 6, 2018",,,,ENVÍOS A TODA COLOMBIAbrMás información  Direct,No link
lamerkdeleme,83,"3,791","Jul 14, 2018",3148140212,,,Medellin entrega inmediata br a class hrefexploretagsmoneymoneya 3148140212,No link
ropa_y_accesorios_ayr,70,213,"Jul 15, 2018",3007551406,,,Domicilios en Medellín br  WHATSAPPbr          3007551406brPermanece a la moda con a classnotranslate hrefropayaccesoriosayrropayaccesoriosayra brLunes a Sábado  8 AM a 5 PM ,api.whatsapp.com/send?phone=573007551406
productosenlinea,213,"1,277","Jul 15, 2018",,,,Bienvenidos a la cuenta oficial de Productos en línea brCra 46 4766 local 1132bra class hrefexploretagsproductosenlineaproductosenlineaabr contáctame ,linktr.ee/productosenlinea
regaloj_,66,310,"Jul 5, 2018",3014368782,,,Somos importadores directos brRelojes FOSSIL brOriginales brEnvíos a todo Colombia  brWhatsApp 3014368782 a classnotranslate hrefregalojregaloja,www.regaloj.com
buhostore.com.co,203,"1,461","Jun 27, 2018",,,,Búho Store  tienda de ropa  zapatos  relojes replica  muchos artículos y novedades más a class hrefexploretagstiendamedellintiendamedellina a class hrefexploretagsropamedellinropamedellina a class hrefexploretagspagocontraentregamedellinpagocontraentregamedellina,No link
mioutlet,"1,906","2,998","Jul 15, 2018",,,,Venta de Bolsos Relojes y Accesorios de las mejores marcas y a los mejores precios brEscríbenos Aqui,goo.gl/zkHtv7
socialclientes5,85,"5,647","May 25, 2018",,,, Tienda Online  Compra Segura  Entrega inmediata  Envíos a Nivel Nacional   Por Mayor y Detal   Escríbenos Whatsapp Clic Aquí ,No link
g_shockcasio,"1,024","15,556","Jul 10, 2018",,,3216479330,RELOJES 100 ORIGINALESMedellinColombia  Envios a todo el paisbrGarantia de 2 AÑOSbr WhatsApp  Cuenta aliada a classnotranslate hrefnicosoto89nicosoto89a,api.whatsapp.com/send?phone=+573216479330
joyeriaimperium,395,"2,418","Jul 13, 2018",3166069855,3130961131,,Joyas en Oro y en PlataWtsp31660698553130961 Centro Comercial Oviedo Local 1318  Fabricantes de Joyas,joyeriaimperium.com/php
dicoloretienda,97,261,"May 12, 2018",3014987755,,,Tienda VirtualbrExcelentes precios brCalidadbrContactobrWhatsapp 301 498 7755 300 767 3177brDomicilio área metropolitana antioquia brEnvios nacionales,No link
colimportados_,10,468,"May 9, 2018",3147101116,,,Info whatsApp COLIMPORTADOS  3147101116 Productos  originales más de 7 años en el mercado Medellín realizamos envíos a toda Colombia,No link
mojavetienda,107,"13,245","Jul 15, 2018",3128927435,,,Accesorios Moda y TecnologíabrMedellinbrWpp 3128927435brTienda virtualbrEnvíos seguros a todo el paísbrExcelentes preciosbrmojavetiendagmailcom,www.facebook.com/Mojavetienda
tio_fredo,226,194,"Jun 9, 2018",,,,No biography,No link
vroomstore,4,66,"May 7, 2018",,,, Relojes de todas las marcas brDomicilios gratis en Medellín brEnvíos a todo el país ,No link
ropazwischenstaatlich,55,33,"May 6, 2018",,,,No biography,No link
timeless.watches.col,121,71,"Apr 20, 2018",3045845653,,,brRelojes gafas y masbrEl tiempo es eterno como nuestros relojesbrWapp3045845653brCEOa classnotranslate hrefnikovrestreponikovrestrepoa brEnvios a todo Medellin ,No link
gamaccesoriosmedellin,3,16,"Apr 23, 2018",3137417191,,,ENVIOS A TODO COLOMBIAbrNO CAMBIOSDEVOLUCIONESbrPEDIDOS AL br 57 313 741 7191brMEDELLIN COLOMBIAbrgamaccesoriosmedellingmailcom,No link
relojeriacolombia,116,"2,210","Jul 15, 2018",,,,Relojes en todas las MARCAS  br Compre fácil RÁPIDO y segurobr ENVIOS NACIONALES bra class hrefexploretagsonlineshoponlineshopa a class hrefexploretagsonlinestoreonlinestorea a class hrefexploretagstiendavirtualtiendavirtualabrHAGA SUS PEDIDOS AQUÍ,goo.gl/4QerzZ
eltiempoenmis.manos,256,609,"Jul 13, 2018",3112769549,,,Relojeria  originalbr compra totalmente segura y garantizada brmas informacion 3112769549brEnvios gratis en todo el territorio colombiano,No link
kindness_moda,85,"1,891","Jun 28, 2018",3122973405,,,brTienda Online con productos  garantizados Entrega inmediata Envíos a Nivel Nacional WhatsApp Directo 57 312 297 3405,No link
fratylo,40,"1,347","Jul 12, 2018",3017983808,,,Tienda virtual enfocada en accesorios para ellas y ellos al por mayor y detalbr3017983808brDomicilios en medellin brEnvios a todo el paisbra class hrefexploretagsfratylofratyloa,No link
accesoriosblue_z,352,154,"Jul 13, 2018",3128602398,,,Todo tipo de accesorios para dama y caballerobrVentas al por mayor y al detabr 3128602398brDirectbrUn gusto atenderlos brEnvíos nacionales,No link
servicarga,668,"15,700","Jul 15, 2018",3110151305,,,ABIERTObrL a V 9AM a 8PMbrS 9AM a 6PMbr1 786 431 1015 br1 305 812 1542br WhatsApp 1 786 803 2990brInfoservicargamiamicom a class hrefexploretagsservicaservicaa,www.servicargamiami.com
theshop_lya,905,648,"Jul 15, 2018",,,, FUNDAS  ACCESORIOS  GADGETS br EN CAMPECHE CAMPECHE,m.facebook.com/The-ShopLA-465476020296692
believe_women,84,"1,056","May 18, 2018",3145280589,,,WomesClothing Envíos nacionales e internacionalesbrInformacion por directbrWhatsapp 3145280589br Llámanos 5888028,No link
accesorios_sm1,39,43,"May 18, 2018",,,,AccesoriosbrRelojeríabrcalzado brExcelentes precios brEnvios nacionales   segurosbrCopacabana antioquia,No link
tienda_pandam,,,,,,,,
tuccarilo,26,481,"May 12, 2018",,,,Entrega GRATIS en Cali  Y consulta con nosotros para los Envíos Nacionales    RELOJES VIAJEROS  Ph a classnotranslate hrefjodailojodailoa,No link
puertocolombia2017,56,837,"Jun 20, 2018",3058680040,,,Somos tienda virtualbrBogotá  Envíos a todo ColombiabrWhatsApp 3058680040,api.whatsapp.com/send?phone=573058680040&amp;text=%E2%8C%9A
modestozepedajr,"2,144","1,165","Jul 15, 2018",,,3765078275,Editor escritor fotógrafo cinefilo colimote poeta,m.facebook.com/profile.php?tsid=0.3765078275464475&amp;id=386851394718983&amp;source=typeahead
twob.time,49,265,"Jul 13, 2018",3008936332,,,brVisita nuestra tiendabrITAGUI CENTRO DE LA MODA  brCALLE 82br3008936332 brEnvios GRATIS a TODO brcrédito Sin Cuota Inicial ,twobtime.wordpress.com
niut_shop,246,"1,950","Jul 8, 2018",,,3217941208,B O U T I Q U E  L I N G E R I Ebrtienda virtual bra class hrefexploretagstúlovalestúlovalesa bra classnotranslate hrefniutshopniutshopa bra class hrefexploretagsniutshopniutshopabrEscríbenos WhatsApp,api.whatsapp.com/send?phone=573217941208
lamarcamedellin,71,91,"Mar 20, 2018",3192555274,,,Sitio de ventas de ropa deportiva de la mejor calidadtambien se maneja relojes de calidad AAAAAbrWHATSAPP3192555274,No link
stor3century,11,97,"Mar 20, 2018",3024330028,,,Nueva tienda de relojes en Medellín brExcelentes preciosbrEnvíos a toda Colombia brWhatsapp 3024330028,No link
tiendaonlinetstore,535,"11,731","Jul 14, 2018",,,,Guillo TajanbrProductos OriginalesbrRelojes  brGafas   brPerfumesbrEnvios a toda Colombia  brTienda Online  Desde 2010 br Whatsapp,goo.gl/2cBRf7
baltickrelojes,222,"11,077","Jul 4, 2018",3192507579,,,Envíos a todo el paísbr 3192507579brVentas al mayor y detalbrLínea de relojes clásicos deportivos y casualesbrMarca 100 Colombiana ,No link
cusashop,13,541,"Feb 23, 2018",3003685600,,,ARTÍCULOS ORIGINALESbrENTREGA INMEDIATA CÚCUTAbrENVÍOS GRATIS A TODO COLOMBIA brMás información por DM o Whatsapp 3003685600,No link
mery.pelaez,656,895,"Jul 15, 2018",3153388107,,,Ropa por mayor y menudeo  Medellin Whatsapp 3153388107  domicilios y envios,gmail.com
cell_tech_store,126,"2,342","May 4, 2018",,,,Venta de Celulares Relojes Macs y másbrRetail Cellphones watches Macs amp morebrEnvíosShippingampbr Info Direct,No link
matissetienda7,160,"2,527","Jul 15, 2018",,,,fragancias y productos que destacan tu personalidad Compras  seguras envíos nacionalesbrContáctanos y déjanos tu mensaje en el siguiente link,bit.ly/MatisseTienda
ventascolombia2017,115,"8,148","Jun 13, 2018",,,,PUBLICA AQUI GRATISbrTU NEGOCIO AUTO  IMUEBLE br Gratis GRATIS Gratis br ESCRIBENOS x DIRECT brPublicidad Masiva   Col,No link
lola_cachivaches,"1,499","7,341","Jul 13, 2018",3013001789,,,a class hrefexploretagsroparopaa exclusivabr a class hrefexploretagsunicorniosunicorniosa br a class hrefexploretagsmaquillajemaquillajeabrEntrega a domicilio  envíos a todo el país  3013001789 a class hrefexploretagsmodamodaa a class hrefexploretagsmedellinmedellina a class hrefexploretagscolombiacolombiaa a class hrefexploretagssirenassirenasa,api.whatsapp.com/send?phone=573013001789
todofit_colombia,657,"1,291","Jul 13, 2018",,,3013001789,a class hrefexploretagslipoblueLipoBlueabra class hrefexploretagsachiviengzeroAchiviengZeroabra class hrefexploretagsropaRopaa deportiva brArtículos a class hrefexploretagsfitnessFitnessabra class hrefexploretagsimplementosImplementosa a class hrefexploretagsdeportivosDeportivosa Entregas  seguras a todo el país ,api.whatsapp.com/send?phone=573013001789
unbox.com.co,29,71,"Jul 15, 2018",,,,Relojes y gafas de madera de Bambú Ébano Zebrano y Sándalo  Elaborados e inspirados en moda Vintage  Diseño Retro amp Minimalist  Entrega en 3 días,www.unbox.com.co
laazulina,628,145,"Jul 10, 2018",,,,Joyas en acero maquillaje y accesorios,No link
compraventalaamericana,122,470,"Jul 14, 2018",,,,Somos una empresa con un sentido único con atención y servicio orientado al cliente compramos y vendemos a precios justos fabricación de Joyería,www.laamericanapawnshop.com
tiendaofertasmedellin,41,55,"Apr 22, 2018",3014585099,,,Tienda virtual brPedidos al directo o 3014585099brDomicilios en MedellínbrEnvío 100 segurobrNo devolución de dinero,www.facebook.com/profile.php?id=100014076191502
leidycasas111,544,320,"Jul 12, 2018",,,,En el silencio recordarás lo que tú alma ya sabe que debe sanar MEDITAR,No link
relojesdiy,37,240,"Feb 20, 2018",,,,Te traemos fantásticas ideas para decorar tu hogar con nuestros relojes brEnvíos a todo el país ,No link
shop_for_you_hour,66,734,"Jul 6, 2018",3117824184,,,Ojo a crédito con su cc a classnotranslate hrefrelojesrelojesa importados originales envíos nacionales free WhatsApp 3117824184      Medellín Colombia,No link
qualitysupport,48,103,"Dec 16, 2017",,,3219348180,Para ver más modelos ir a nuestra página principal bra classnotranslate hrefQualityImportColQualityImportCola  Whatsapp ,api.whatsapp.com/send?phone=573219348180
ds_shop24,300,"1,255","Jul 7, 2018",,,,a class hrefexploretagsrelojesRelojesabr a class hrefexploretagsgafasGafasabra class hrefexploretagsmedellínmedellína,No link
accesorios_siete_mares,777,"2,044","Jul 15, 2018",3053802484,,,TIENDA VIRTUALbrImportamos y elaboramos accesorios para mujerbrVentas al por mayor y detalbrEnvíos a todo el país brWhatsapp 57 3053802484,No link
zeit.relojes,755,"18,612","Jul 14, 2018",,,3144501487,Hermosa relojería de lujobrDeportivos elegantes resistentesbrMas de 2 años de experiencia brEnvios a todo el pais bra class hrefexploretagszeitrelojeszeitrelojesa a class hrefexploretagsrelojescolombiarelojescolombiaa,api.whatsapp.com/send?phone=573144501487
markmaddox_colombia,594,"1,523","Jul 13, 2018",3124827462,,, Los mejores relojes  para ti  br Despachamos a todo Colombia  WhatsApp 57 312 482 74 62 a class hrefexploretagscronomarketcronomarketa a class hrefexploretagsmarkmaddoxcolombiamarkmaddoxcolombiaa,www.facebook.com/markmaddoxcolombia
el_escaparate_,890,"2,012","Nov 22, 2017",,,3053376184,Tienda virtual de accesorios y ropa para mujer Envíos a nivel Nacional   Atención Lun Sáb de 8 AM  7 PM Pedidos por WhatsApp AQUÍ ,api.whatsapp.com/send?phone=573053376184
medallo_store,721,"3,892","Nov 23, 2017",3017080640,,3424563357,Relojes br Gafas br Tenis br Envíos a todo el país  brWhatsapp 57 3017080640br Medellín,www.facebook.com/pages/Medallo-Sport-Shop/134245633576482
brisasventa16,81,898,"Nov 9, 2017",,,,No biography,No link
luisbarriles1,209,"2,568","Jul 15, 2018",3003037136,,, MAS DE 5 AÑOS EN INSTAGRAM SOMOS MAYORISTASbr ENVIOS  SEGUROS A TODA COLOMBIAbr PEDIDOS CELWHATSAPP3003037136,No link
quality_import_col,240,"1,427","Jul 15, 2018",,,3219348180, Envíos a toda Colombiabr CONTACTAR ,api.whatsapp.com/send?phone=573219348180
maluma.uy,"12,328","26,068","Jul 15, 2018",,,,CUENTA DEDICADA A JUAN LUISMLM ARTISTA MARAVILLOSO Q AMO Y ADMIRO X SU TRABAJOHUMILDAD SER D LUZ Y ALEGRÍA D NIÑOINTLIGENTPERSEVRANT YLUCHADOR,No link
ferreyralorenaoficial,"9,068","2,797","Feb 21, 2018",,,,a class hrefexploretagsmalumaniaticaMALUMANIATICAabrHaz de tu vida un sueño y de tu sueño una realidad  br Cuenta dedicada a a class hrefexploretagsmalumaMalumaabrFAME 2018br1 de dic del 2017 día inolvidable ,No link
ocaliptuscolombia,58,177,"Oct 23, 2017",3007047131,,,Vendemos los mejores Relojes Casio y CaterpillarbrEnvío a todo Colombia WhatsApp  300 704 7131 Descuentos increíblesbrMedellín  Colombi,www.Ocaliptus.com
aditkadakia2351,547,853,"Jul 5, 2018",,,,Toronto  The 6ix    lifes good  Traveller   Canadian ,No link
relojeslindosyeconomicos,"1,056","1,247","Jul 13, 2018",3124827462,,3481489, Los mejores relojes para ti   Originales br Despachamos a todo Colombia  WhatsApp 57 312 482 74 62,www.facebook.com/Relojeslindosyeconomicos-1900758193481489
technosportwatches,"3,461","53,410","Jul 15, 2018",,,,Alcanza esa distinción con nuestra variedad de estilos que se asemejan a cada personalidad a class hrefexploretagsarriésgateconestiloArriésgateConEstiloa,www.tswatches.com
515tienda,348,"2,335","Nov 28, 2017",3103770089,,,Tienda virtual Medellín  Colombia  Envíos a todo el país Más información 310 377 00 89  313 729 95 96 EMail 515tiendaonlinegmailcom,No link
meloguarda.com1,60,373,"Dec 4, 2017",3232488259,,,Importamos exclusivos productos brLas mejores marcas br SOLO ORIGINALES brTienda On line br WhatsApp 3232488259,No link
relojerialosangeles,22,68,"Apr 16, 2018",3193563835,,,Venta reparación y mantenimiento de relojes Cambio de pilas manillas y más Desde 1995brFbk relojerialosangelesmonterrey 3193563835,No link
novedadeseldorado,5,16,"Sep 27, 2017",,,,Novedades el dorado  Tienda virtual con espectaculares réplicas de afamados diseñadores La mejor calidad a la vista Todo en gafas y relojes,No link
aplikcomunicaciones,299,"1,176","Jun 28, 2018",3187031616,3192400099,,Nos dedicamos a la comercializacion y reparacion de todo tipo de reloj de pulso despertador o de paredbr3187031616br3192400099br4566030brMedellín bello,www.facebook.com/roismauricio
nasmoljanova5665,393,"2,851","Sep 20, 2017",,,,No biography,master-haur.ru/27722/priivatephoto/CLICK/LINK/?in_hotsexyphoto=my-dessert.com
watchestienda,98,"4,017","Dec 13, 2017",3117010393,,,Relojes de alta calidad brLas mejores marcasbrPago contra entrega en MedellínbrEnvíos todo ColombiabrCompra 100 segurabrContáctanos 3117010393,No link
stuhrling_colombia,489,955,"Jul 13, 2018",3124827462,,, Los mejores relojes para ti br Despachamos a todo Colombia  WhatsApp 57 312 482 74 62 a class hrefexploretagscronomarketcronomarketa a class hrefexploretagsstuhrlingstuhrlinga,www.facebook.com/stuhrlingcolombia
marroquineria_black_label_,"2,219","2,232","Jul 14, 2018",3183275483,,,Artículos en cuero personalizado línea rock cra 69 b  6680  whatsapp 3183275483,No link
mycloset_usa,82,117,"Apr 2, 2018",,,,Productos 100 ORIGINALES EXCLUSIVOS Y GARANTIZADOS brDomicilio En Medellín,No link
clock_store_,668,"1,733","Nov 21, 2017",3004068062,,,Somos Tienda OnlinebrMedellínColombia brInf y Pedidos Whappbr3004068062  brenvíos a todo el paísbra classnotranslate hrefclockstoreclockstorea,api.whatsapp.com/send?phone=573004068062
trescaprichostienda,279,"5,659","Oct 11, 2017",3014038051,,,Tienda virtual  Compras 100 seguras br3014038051 br Domicilios en Medellín br Envíos nacionales br wwwfacebookcomtrescaprichostienda,No link
imprtada,42,162,"Jul 25, 2017",,,,Relojería de excelente calidad,No link
relojesbaluarte,161,"1,079","May 31, 2018",3156278235,,,Tienda VirtualbrContactobrWpp 3156278235brFacebook Baluarte tienda virtualbrMedellín Envíos a todo el país ,No link
lunablanca_medellin,42,292,"Jun 20, 2017",3006334470,,,Tienda virtualbrEnvios a toda Colombia br Wpp  573006334470,No link
technomarinecolombiaoficial,670,"8,535","Jul 14, 2018",3229520786,,30330340,Única Cuenta Oficial para Colombia brTienda Cra 12  8259 Zona TbrTel 702 5006 WhatsApp  322 9520786,invicta.com.co/303-technomarine?id_category=303&amp;n=40
gurudelmercado,147,652,"Jul 15, 2017",3124504709,,,Relojes de Marca al mejor estilobrManager Carlos CardonabrEmprendedor y Amante a los relojes brWhatsapp 3124504709bra class hrefexploretagsgurudelmercadogurudelmercadoa,www.gurudelmercado.com
divinoangel_,49,293,"Jul 13, 2018",3168978036,,,DivinoAngel Estuchería brVenta al por MayorDetalbrWp 316 897 8036 O Directbr Domicilios gratis en Medellínbr Envíos nacionales,No link
sutiendadeabarrotes,67,120,"Jul 22, 2017",3003351901,,,Vendemos accesorios originales con certificados de originalidad y garantíabr Whatsapp 573003351901br Enviamos a toda Colombiabr EfetarjetasDC,No link
babylovemgtienda,632,"2,321","Jul 13, 2018",3506094550,,,Tienda virtual en MedellinProductos 100 originalesimportados  wp 350 609 4550Realizamos envios a todo el pais a class hrefexploretagscolombiacolombiaa,No link
ohdarlingbog,84,161,"Nov 24, 2017",3008603134,,,Somos una tienda en línea establecida en Bogotá desde el año 2011 Hacemos envíos a todo el país  Informacion  wsaap 3008603134,www.ohdarlingcolombia.com
importstoremed,83,170,"May 9, 2017",3226390567,,,Importación y venta de relojes y artículos exclusivos de las mejores marcas y a los mejores precios WhatsApp 3226390567  originales,No link
celularetc,649,"16,612","Jul 2, 2018",,,,Autorizado Apple USA   brWhatsApp 1 786 4207845 brEmail celularetcgmailcom  a class hrefexploretagsappleapplea a class hrefexploretagscelularetccelularetca a classnotranslate hrefappleapplea,www.celularetc.com.br
oclock_baq,114,655,"Jul 12, 2018",3057851407,,,VENTA DE RELOJES brContacto Whatsapp 3057851407brEnvíos a toda Colombia  Envíos InternacionalesbrDomicilios gratis en Barranquilla,www.facebook.com/oclockbaq
zonaelitemedellin,"1,171","26,083","Jul 9, 2018",3116220050,3017926069,3506723427,QUIERES INICIAR TU PROPIO NEGOCIO CONTACTANOS 3116220050 3017926069 EN LA PARTE DE ABAJO ESTA NUESTRO LINK  WHATSAPP SOMOS LA COMPAÑIA a class hrefexploretags11a,api.whatsapp.com/send?phone=573506723427&amp;text=hola%2C+estoy+interesado+en+tus+articulos%3F
lenceria_dama_medellin,141,"2,419","Oct 28, 2017",3003244874,,,LENCERÍA para damabrWpp contacto 3003244874brLa MEJOR calidadbrEl conjunto que escojas en 35000brEnvíos nacionales contra entrega,No link
gedatiendavirtual,256,"1,566","Jul 14, 2018",3193073005,,,Somos tienda virtual brAccesorios moda belleza y másbrPedidos al wpp 3193073005 brEnvíos nacionales ,m.facebook.com/GEDAtiendaV
praga_storecali,65,56,"Mar 2, 2017",,,, Moda Urbana ropa para hombre y mujerbr Tienda en línea  No manejamos localbr Envíos Nacionales  domicilios en Cali ,No link
accesoriosatlantis,77,69,"Feb 28, 2017",3222821116,3186483918,,Encuentra los precios especiales del mes brEnvíos Nacionales GRATIS brWhatsapp 57 3222821116 57 3186483918,No link
hafid.co,245,66,"May 31, 2017",3225775228,,,a class hrefexploretagshafidHafida tienda virtual de lujo para hombres con un amplio catálogo de productos de primera categoría Marca la diferenciabr WhatsApp 573225775228,www.facebook.com/hafidtiendavirtual
marimar_accesorios,113,"1,394","Mar 26, 2018",,,,Medellín  Envíos en todo Colombia,No link
bestbuy.watches,3,141,"Dec 15, 2016",,,,originalesbrGarantía de 6 mesesbrPedidos por directo br Envíos a todo Colombia,No link
kinocompany.co,76,511,"Dec 23, 2016",3104532254,,,Estamos de Promoción Relojería importada infokinocompanyco 3104532254  Envios a todo el país  Luganos  JoeFox  T5  Casio  Miykon,www.kinocompany.com.co
zuleta1003,144,246,"Jun 23, 2018",3116191903,,,Diseño Industrial Corte láser Mobiliario Impresión digital Trabajos en Acrílico Madera y Acerobrbr3116191903  claserdzgmailcom a classnotranslate hrefzuleta1003zuleta1003a,No link
caliwatches,96,"1,264","Oct 11, 2016",3008746974,,,Relojes Fossil originales a los mejores precios de CalibrSede Cali  ColombiabrEnvíos a todo el país 3008746974,www.facebook.com/caliwatches
xarragord,"1,844","10,956","Jul 11, 2018",,,,dont give up,api.whatsapp.com/send?phone=18296737845
ezmarketcolombia,13,81,"Sep 14, 2016",3197662632,3196410421,,EZMarketColombiabrCatálogo virtualbrEnvíos a todo el país con confiabilidadbrWapp 3197662632  3196410421brezmarketcolombiaoutlookcom,No link
alteregostore,"1,383","11,976","May 26, 2018",3042197905,,,Tienda Virtual  BGAbrSmartwatch Perfumes bry Accesorios Deportivos de  brEntregas 4  15 díasbrEnvíos a Toda Colombia brWhatsApp 304219 7905,api.whatsapp.com/send?phone=573042197905
new.style.med,48,70,"Aug 17, 2016",3127973851,,,Original New Style MedellinbrRelojes GUESS INVICTA FOSSIL NAUTICA TOMMYbrGafas OAKLEY SPY FOX RAYBAN VERSACE    CARRERAbrSolo EN MEDELLÍNbr3127973851,No link
wewoodcolombia,"1,497","2,472","Jul 15, 2018",,,, Nuestros Relojes y Gafas son exclusivos hechos de Madera Natural br Plantamos un árbol por cada wewood vendido br a classnotranslate hrefwewoodcolombiawewoodcolombiaa br Compra Online,www.wewood.co
santa_inspiracion,505,669,"Apr 18, 2018",3183830308,3174506149,,Carteras correas gafas relojes y másbrQuieres estilo a class hrefexploretagssantainspiracionSantaInspiracionabrWhatsapp 3183830308  3174506149  3137779178brEnvíos todo Colombia,No link
accesoriosyvariedadestiushk,184,271,"Aug 8, 2016",3854277573,,,Venta De Accesorios y Complementos brEnvios a todo el Ecuador y Colombia gratis  brContacto al 0983854277 brWhatsapp 573015695223,No link
business__world,"3,641","2,846","Nov 30, 2016",,,,VEHÍCULOS NUEVOS amp USADOS BLINDAMOS VEHÍCULOS VENTA PROPIEDAD RAÍZ RELOJES amp JOYAS Medellín  Colombia   Con DIOS todo es posible,No link
alanbursztyn,406,"1,260","Jul 14, 2018",,,,Doing things right will eventually pay off a class hrefexploretags100100a a class hrefexploretagscolombiaColombiaa,No link
speedonemedellin,18,467,"Jul 14, 2016",3103351293,,,Tel 2931033  5129307 Medellín brMarcas Originales Tommy H Fox Adidas Nautica Oakley Timberland American EaglebrDir METRO San Antonio puerta 3,No link
sanesh.co,438,"8,571","Mar 13, 2018",,,,Comercio Exclusivo De MarcasbrIntermediario En Negocios,m.facebook.com/saneshcomercioynegocios
chronosmaniarelojes,405,363,"Jun 19, 2018",3117808650,3113372883,,Tienda virtual de relojes originales a tu gusto y a tu alcance brWhatsApp 31178086503113372883br Medellin ColombiabrEnvíos nacionales,www.facebook.com/chronosmaniarelojes
ljduranaccesorios,653,"3,883","Jul 8, 2018",3207622015,,,Un accesorio puede cambiar tu estilo brRelojesmanillascollaresaretes WHATSAPP 3207622015brEnvios a todo ColombiabrSitio Seguro ,No link
exitazoitagui,465,547,"Jun 24, 2018",3127304131,,,Exitazo brTradición Calidad y Confianzabr57 312 730 41 31br Envigado Cr 43 A  38 sur 25br Itagüí Calle 50  49  43,facebook.com/exitazoitagui
yonnathan_perez,267,452,"Jul 13, 2018",,,,No biography,No link
mdsc3,32,174,"Jul 7, 2018",,,,My hobbies and pasions WatchesampCars,No link
smartekwatches,521,"5,843","May 2, 2017",,,3215150116,Envíos a toda Colombia ATENCIÓN 10AM  6PM  LUN  SABbrPide el tuyo solo haciendo click en el enlace ,api.whatsapp.com/send?phone=573215150116
ita_accesorios_celular,328,"8,023","Jul 12, 2018",3104557780,,,AL X MAYOR Y AL DETALbrSomos importadoresbr  PEDIDOS E INFO 3104557780brMedellín  ColombíabrENVIOS A TODO COLOMBIAbr a class hrefexploretagsaccesorioscelularaccesorioscelulara,www.distribucionesita.wixsite.com/accesorios-celular
promociones_medallo,330,573,"Jul 4, 2018",,,3214084528,LOS MEJORES PRECIOS DE  MEDELLIN TIENDA VIRTUALbr TennisBusosCamisetasAccesorios y másbrDomicilios Envíos a toda ColombiabrLink directo a Wpp,api.whatsapp.com/send?phone=573214084528
bogaliaonline,60,177,"Sep 11, 2016",,,,No biography,bogalia.com
accesoriosjh_med,89,240,"Jan 12, 2017",3005771829,,,Accesorios relojes y algo más MEDELLIN  57 3005771829brfacebookcomaccesoriosjhmedellin,No link
